-- phpMyAdmin SQL Dump
-- version 4.8.5
-- https://www.phpmyadmin.net/
--
-- Хост: localhost
-- Время создания: Мар 04 2026 г., 11:46
-- Версия сервера: 5.7.25
-- Версия PHP: 7.1.26

SET SQL_MODE = "NO_AUTO_VALUE_ON_ZERO";
SET AUTOCOMMIT = 0;
START TRANSACTION;
SET time_zone = "+00:00";


/*!40101 SET @OLD_CHARACTER_SET_CLIENT=@@CHARACTER_SET_CLIENT */;
/*!40101 SET @OLD_CHARACTER_SET_RESULTS=@@CHARACTER_SET_RESULTS */;
/*!40101 SET @OLD_COLLATION_CONNECTION=@@COLLATION_CONNECTION */;
/*!40101 SET NAMES utf8mb4 */;

--
-- База данных: `shop`
--

-- --------------------------------------------------------

--
-- Структура таблицы `orders`
--

CREATE TABLE `orders` (
  `order_id` int(11) NOT NULL,
  `order_date` datetime NOT NULL,
  `delivery_date` datetime DEFAULT NULL,
  `pickup_point_id` int(11) NOT NULL,
  `customer_name` int(10) NOT NULL,
  `pickup_code` varchar(20) NOT NULL,
  `status` varchar(50) NOT NULL
) ENGINE=InnoDB DEFAULT CHARSET=utf8mb4;

--
-- Дамп данных таблицы `orders`
--

INSERT INTO `orders` (`order_id`, `order_date`, `delivery_date`, `pickup_point_id`, `customer_name`, `pickup_code`, `status`) VALUES
(1, '2025-02-27 00:00:00', '2025-04-20 00:00:00', 1, 4, '901', 'Завершен'),
(2, '2022-09-28 00:00:00', '2025-04-21 00:00:00', 11, 1, '902', 'Завершен'),
(3, '2025-03-21 00:00:00', '2025-04-22 00:00:00', 2, 2, '903', 'Завершен'),
(4, '2025-02-20 00:00:00', '2025-04-23 00:00:00', 11, 3, '904', 'Завершен'),
(5, '2025-03-17 00:00:00', '2025-04-24 00:00:00', 2, 4, '905', 'Завершен'),
(6, '2025-03-01 00:00:00', '2025-04-25 00:00:00', 15, 1, '906', 'Завершен'),
(7, '2025-02-11 00:00:00', '2025-04-26 00:00:00', 3, 2, '907', 'Завершен'),
(8, '2025-03-31 00:00:00', '2025-04-27 00:00:00', 19, 3, '908', 'Новый '),
(9, '2025-04-02 00:00:00', '2025-04-28 00:00:00', 5, 4, '909', 'Новый '),
(10, '2025-04-03 00:00:00', '2025-04-29 00:00:00', 19, 4, '910', 'Новый ');

-- --------------------------------------------------------

--
-- Структура таблицы `order_items`
--

CREATE TABLE `order_items` (
  `id` int(10) NOT NULL,
  `order_id` int(11) NOT NULL,
  `article` varchar(50) NOT NULL,
  `quantity` int(11) NOT NULL
) ENGINE=InnoDB DEFAULT CHARSET=utf8mb4;

--
-- Дамп данных таблицы `order_items`
--

INSERT INTO `order_items` (`id`, `order_id`, `article`, `quantity`) VALUES
(1, 1, 'А112Т4', 2),
(2, 1, 'F635R4', 2),
(3, 2, 'H782T5', 1),
(4, 2, 'G783F5', 1),
(5, 3, 'J384T6', 10),
(6, 3, 'D572U8', 10),
(7, 4, 'F572H7', 5),
(8, 4, 'D329H3', 4),
(9, 5, 'А112Т4', 2),
(10, 5, 'F635R4', 2),
(11, 6, 'H782T5', 1),
(12, 6, 'G783F5', 1),
(13, 7, 'J384T6', 10),
(14, 7, 'D572U8', 10),
(15, 8, 'F572H7', 5),
(16, 8, 'D329H3', 4),
(17, 9, 'B320R5', 5),
(18, 9, 'G432E4', 1),
(19, 10, 'S213E3', 5),
(20, 10, 'E482R4', 5);

-- --------------------------------------------------------

--
-- Структура таблицы `pickup_points`
--

CREATE TABLE `pickup_points` (
  `id` int(10) NOT NULL,
  `mail_index` int(11) NOT NULL,
  `address` varchar(255) NOT NULL
) ENGINE=InnoDB DEFAULT CHARSET=utf8mb4;

--
-- Дамп данных таблицы `pickup_points`
--

INSERT INTO `pickup_points` (`id`, `mail_index`, `address`) VALUES
(1, 450375, ' г. Лесной ул. Клубная, 44'),
(2, 625683, ' г. Лесной, ул. 8 Марта'),
(3, 420151, ' г. Лесной, ул. Вишневая, 32'),
(4, 603721, ' г. Лесной, ул. Гоголя, 41'),
(5, 603002, ' г. Лесной, ул. Дзержинского, 28'),
(6, 400562, ' г. Лесной, ул. Зеленая, 32'),
(7, 443890, ' г. Лесной, ул. Коммунистическая, 1'),
(8, 625590, ' г. Лесной, ул. Коммунистическая, 20'),
(9, 394242, ' г. Лесной, ул. Коммунистическая, 43'),
(10, 630201, ' г. Лесной, ул. Комсомольская, 17'),
(11, 426030, ' г. Лесной, ул. Маяковского, 44'),
(12, 614510, ' г. Лесной, ул. Маяковского, 47'),
(13, 190949, ' г. Лесной, ул. Мичурина, 26'),
(14, 614611, ' г. Лесной, ул. Молодежная, 50'),
(15, 450558, ' г. Лесной, ул. Набережная, 30'),
(16, 625560, ' г. Лесной, ул. Некрасова, 12'),
(17, 125703, ' г. Лесной, ул. Партизанская, 49'),
(18, 625283, ' г. Лесной, ул. Победы, 46'),
(19, 125061, ' г. Лесной, ул. Подгорная, 8'),
(20, 614753, ' г. Лесной, ул. Полевая, 35'),
(21, 603036, ' г. Лесной, ул. Садовая, 4'),
(22, 410542, ' г. Лесной, ул. Светлая, 46'),
(23, 410172, ' г. Лесной, ул. Северная, 13'),
(24, 660540, ' г. Лесной, ул. Солнечная, 25'),
(25, 603379, ' г. Лесной, ул. Спортивная, 46'),
(26, 620839, ' г. Лесной, ул. Цветочная, 8'),
(27, 344288, ' г. Лесной, ул. Чехова, 1'),
(28, 394782, ' г. Лесной, ул. Чехова, 3'),
(29, 410661, ' г. Лесной, ул. Школьная, 50'),
(30, 630370, ' г. Лесной, ул. Шоссейная, 24'),
(31, 125837, ' г. Лесной, ул. Шоссейная, 40'),
(32, 450983, ' г.Лесной, ул. Комсомольская, 26'),
(33, 454311, ' г.Лесной, ул. Новая, 19'),
(34, 660007, ' г.Лесной, ул. Октябрьская, 19'),
(35, 394060, ' г.Лесной, ул. Фрунзе, 43'),
(36, 614164, ' г.Лесной,  ул. Степная, 30');

-- --------------------------------------------------------

--
-- Структура таблицы `tovar`
--

CREATE TABLE `tovar` (
  `article` varchar(50) NOT NULL,
  `name` varchar(255) NOT NULL,
  `unit` varchar(20) NOT NULL,
  `price` decimal(10,2) NOT NULL,
  `supplier` varchar(255) DEFAULT NULL,
  `manufacturer` varchar(255) DEFAULT NULL,
  `category` varchar(255) DEFAULT NULL,
  `discount` int(11) DEFAULT NULL,
  `stock_quantity` int(11) DEFAULT NULL,
  `description` text,
  `photo` varchar(255) DEFAULT NULL
) ENGINE=InnoDB DEFAULT CHARSET=utf8mb4;

--
-- Дамп данных таблицы `tovar`
--

INSERT INTO `tovar` (`article`, `name`, `unit`, `price`, `supplier`, `manufacturer`, `category`, `discount`, `stock_quantity`, `description`, `photo`) VALUES
('B320R5', 'Туфли', 'шт.', '4300.00', 'Kari', 'Rieker', 'Женская обувь', 2, 6, 'Туфли Rieker женские демисезонные, размер 41, цвет коричневый', '9.jpg'),
('B431R5', 'Ботинки', 'шт.', '2700.00', 'Обувь для вас', 'Rieker', 'Мужская обувь', 2, 5, 'Мужские кожаные ботинки/мужские ботинки', ''),
('C436G5', 'Ботинки', 'шт.', '10200.00', 'Kari', 'Alessio Nesca', 'Женская обувь', 15, 9, 'Ботинки женские, ARGO, размер 40', ''),
('D268G5', 'Туфли', 'шт.', '4399.00', 'Обувь для вас', 'Rieker', 'Женская обувь', 3, 12, 'Туфли Rieker женские демисезонные, размер 36, цвет коричневый', ''),
('D329H3', 'Полуботинки', 'шт.', '1890.00', 'Обувь для вас', 'Alessio Nesca', 'Женская обувь', 4, 4, 'Полуботинки Alessio Nesca женские 3-30797-47, размер 37, цвет: бордовый', '8.jpg'),
('D364R4', 'Туфли', 'шт.', '12400.00', 'Kari', 'Kari', 'Женская обувь', 16, 5, 'Туфли Luiza Belly женские Kate-lazo черные из натуральной замши', ''),
('D572U8', 'Кроссовки', 'шт.', '4100.00', 'Обувь для вас', 'Рос', 'Мужская обувь', 3, 6, '129615-4 Кроссовки мужские', '6.jpg'),
('E482R4', 'Полуботинки', 'шт.', '1800.00', 'Kari', 'Kari', 'Женская обувь', 2, 14, 'Полуботинки kari женские MYZ20S-149, размер 41, цвет: черный', ''),
('F427R5', 'Ботинки', 'шт.', '11800.00', 'Обувь для вас', 'Rieker', 'Женская обувь', 15, 11, 'Ботинки на молнии с декоративной пряжкой FRAU', ''),
('F572H7', 'Туфли', 'шт.', '2700.00', 'Kari', 'Marco Tozzi', 'Женская обувь', 2, 14, 'Туфли Marco Tozzi женские летние, размер 39, цвет черный', '7.jpg'),
('F635R4', 'Ботинки', 'шт.', '3244.00', 'Обувь для вас', 'Marco Tozzi', 'Женская обувь', 2, 13, 'Ботинки Marco Tozzi женские демисезонные, размер 39, цвет бежевый', '2.jpg'),
('G432E4', 'Туфли', 'шт.', '2800.00', 'Kari', 'Kari', 'Женская обувь', 3, 15, 'Туфли kari женские TR-YR-413017, размер 37, цвет: черный', '10.jpg'),
('G531F4', 'Ботинки', 'шт.', '6600.00', 'Kari', 'Kari', 'Женская обувь', 12, 9, 'Ботинки женские зимние ROMER арт. 893167-01 Черный', ''),
('G783F5', 'Ботинки', 'шт.', '5900.00', 'Kari', 'Рос', 'Мужская обувь', 2, 8, 'Мужские ботинки Рос-Обувь кожаные с натуральным мехом', '4.jpg'),
('H535R5', 'Ботинки', 'шт.', '2300.00', 'Обувь для вас', 'Rieker', 'Женская обувь', 2, 7, 'Женские Ботинки демисезонные', ''),
('H782T5', 'Туфли', 'шт.', '4499.00', 'Kari', 'Kari', 'Мужская обувь', 4, 5, 'Туфли kari мужские классика MYZ21AW-450A, размер 43, цвет: черный', '3.jpg'),
('J384T6', 'Ботинки', 'шт.', '3800.00', 'Обувь для вас', 'Rieker', 'Мужская обувь', 2, 16, 'B3430/14 Полуботинки мужские Rieker', '5.jpg'),
('J542F5', 'Тапочки', 'шт.', '500.00', 'Kari', 'Kari', 'Мужская обувь', 13, 0, 'Тапочки мужские Арт.70701-55-67син р.41', ''),
('K345R4', 'Полуботинки', 'шт.', '2100.00', 'Обувь для вас', 'CROSBY', 'Мужская обувь', 2, 3, '407700/01-02 Полуботинки мужские CROSBY', ''),
('K358H6', 'Тапочки', 'шт.', '599.00', 'Kari', 'Rieker', 'Мужская обувь', 20, 2, 'Тапочки мужские син р.41', ''),
('L754R4', 'Полуботинки', 'шт.', '1700.00', 'Kari', 'Kari', 'Женская обувь', 2, 7, 'Полуботинки kari женские WB2020SS-26, размер 38, цвет: черный', ''),
('M542T5', 'Кроссовки', 'шт.', '2800.00', 'Обувь для вас', 'Rieker', 'Мужская обувь', 18, 3, 'Кроссовки мужские TOFA', ''),
('N457T5', 'Полуботинки', 'шт.', '4600.00', 'Kari', 'CROSBY', 'Женская обувь', 3, 13, 'Полуботинки Ботинки черные зимние, мех', ''),
('O754F4', 'Туфли', 'шт.', '5400.00', 'Обувь для вас', 'Rieker', 'Женская обувь', 4, 18, 'Туфли женские демисезонные Rieker артикул 55073-68/37', ''),
('P764G4', 'Туфли', 'шт.', '6800.00', 'Kari', 'CROSBY', 'Женская обувь', 15, 15, 'Туфли женские, ARGO, размер 38', ''),
('S213E3', 'Полуботинки', 'шт.', '2156.00', 'Обувь для вас', 'CROSBY', 'Мужская обувь', 3, 6, '407700/01-01 Полуботинки мужские CROSBY', ''),
('S326R5', 'Тапочки', 'шт.', '9900.00', 'Обувь для вас', 'CROSBY', 'Мужская обувь', 17, 15, 'Мужские кожаные тапочки \"Профиль С.Дали\" ', ''),
('S634B5', 'Кеды', 'шт.', '5500.00', 'Обувь для вас', 'CROSBY', 'Мужская обувь', 3, 0, 'Кеды Caprice мужские демисезонные, размер 42, цвет черный', ''),
('T324F5', 'Сапоги', 'шт.', '4699.00', 'Kari', 'CROSBY', 'Женская обувь', 2, 5, 'Сапоги замша Цвет: синий', ''),
('А112Т4', 'Ботинки', 'шт.', '4990.00', 'Kari', 'Kari', 'Женская обувь', 3, 6, 'Женские Ботинки демисезонные kari', '1.jpg');

-- --------------------------------------------------------

--
-- Структура таблицы `users`
--

CREATE TABLE `users` (
  `id` int(10) NOT NULL,
  `role` varchar(50) NOT NULL,
  `full_name` varchar(255) NOT NULL,
  `login` varchar(255) NOT NULL,
  `password` varchar(255) NOT NULL
) ENGINE=InnoDB DEFAULT CHARSET=utf8mb4;

--
-- Дамп данных таблицы `users`
--

INSERT INTO `users` (`id`, `role`, `full_name`, `login`, `password`) VALUES
(1, 'Менеджер', 'Степанов Михаил Артёмович', '1diph5e@tutanota.com', '8ntwUp'),
(2, 'Авторизированный клиент', 'Ворсин Петр Евгеньевич', '1qz4kw@mail.com', 'gynQMT'),
(3, 'Авторизированный клиент', 'Старикова Елена Павловна', '4np6se@mail.com', 'AtnDjr'),
(4, 'Авторизированный клиент', 'Михайлюк Анна Вячеславовна', '5d4zbu@tutanota.com', 'rwVDh9'),
(5, 'Администратор', 'Никифорова Весения Николаевна', '94d5ous@gmail.com', 'uzWC67'),
(6, 'Авторизированный клиент', 'Ситдикова Елена Анатольевна', 'ptec8ym@yahoo.com', 'LdNyos'),
(7, 'Менеджер', 'Ворсин Петр Евгеньевич', 'tjde7c@yahoo.com', 'YOyhfR'),
(8, 'Администратор', 'Сазонов Руслан Германович', 'uth4iz@mail.com', '2L6KZG'),
(9, 'Менеджер', 'Старикова Елена Павловна', 'wpmrc3do@tutanota.com', 'RSbvHv'),
(10, 'Администратор', 'Одинцов Серафим Артёмович', 'yzls62@outlook.com', 'JlFRCZ');

--
-- Индексы сохранённых таблиц
--

--
-- Индексы таблицы `orders`
--
ALTER TABLE `orders`
  ADD PRIMARY KEY (`order_id`),
  ADD KEY `pickup_point_id` (`pickup_point_id`),
  ADD KEY `customer_name` (`customer_name`);

--
-- Индексы таблицы `order_items`
--
ALTER TABLE `order_items`
  ADD PRIMARY KEY (`id`),
  ADD KEY `article` (`article`),
  ADD KEY `order_id` (`order_id`);

--
-- Индексы таблицы `pickup_points`
--
ALTER TABLE `pickup_points`
  ADD PRIMARY KEY (`id`),
  ADD UNIQUE KEY `address` (`address`);

--
-- Индексы таблицы `tovar`
--
ALTER TABLE `tovar`
  ADD PRIMARY KEY (`article`);

--
-- Индексы таблицы `users`
--
ALTER TABLE `users`
  ADD PRIMARY KEY (`id`);

--
-- AUTO_INCREMENT для сохранённых таблиц
--

--
-- AUTO_INCREMENT для таблицы `order_items`
--
ALTER TABLE `order_items`
  MODIFY `id` int(10) NOT NULL AUTO_INCREMENT, AUTO_INCREMENT=21;

--
-- AUTO_INCREMENT для таблицы `pickup_points`
--
ALTER TABLE `pickup_points`
  MODIFY `id` int(10) NOT NULL AUTO_INCREMENT, AUTO_INCREMENT=37;

--
-- AUTO_INCREMENT для таблицы `users`
--
ALTER TABLE `users`
  MODIFY `id` int(10) NOT NULL AUTO_INCREMENT, AUTO_INCREMENT=11;

--
-- Ограничения внешнего ключа сохраненных таблиц
--

--
-- Ограничения внешнего ключа таблицы `orders`
--
ALTER TABLE `orders`
  ADD CONSTRAINT `orders_ibfk_1` FOREIGN KEY (`pickup_point_id`) REFERENCES `pickup_points` (`id`),
  ADD CONSTRAINT `orders_ibfk_2` FOREIGN KEY (`customer_name`) REFERENCES `users` (`id`);

--
-- Ограничения внешнего ключа таблицы `order_items`
--
ALTER TABLE `order_items`
  ADD CONSTRAINT `order_items_ibfk_1` FOREIGN KEY (`order_id`) REFERENCES `orders` (`order_id`) ON DELETE CASCADE ON UPDATE CASCADE,
  ADD CONSTRAINT `order_items_ibfk_2` FOREIGN KEY (`article`) REFERENCES `tovar` (`article`) ON UPDATE CASCADE;
COMMIT;

/*!40101 SET CHARACTER_SET_CLIENT=@OLD_CHARACTER_SET_CLIENT */;
/*!40101 SET CHARACTER_SET_RESULTS=@OLD_CHARACTER_SET_RESULTS */;
/*!40101 SET COLLATION_CONNECTION=@OLD_COLLATION_CONNECTION */;
